NetSales,Year,Month,Day
95.593,2021,10,7
289.4175000000001,2021,10,10
10.770000000000001,2021,10,10
